Subject;Group1_Map1_FOnset;Group1_Map1_LOffset;Group1_Map1_NumTF;Group1_Map1_TfCentroid;Group1_Map1_MeanCorr;Group1_Map1_Gev;Group1_Map1_BCorr;Group1_Map1_TfBCorr;Group1_Map1_GfpTfBCorr;Group1_Map1_MaxGfp;Group1_Map1_TfMaxGfp;Group1_Map1_MeanGfp;Group1_Map1_MeanDur;Group1_Map1_TimeCov;Group1_Map1_SegDensity;Group1_Map2_FOnset;Group1_Map2_LOffset;Group1_Map2_NumTF;Group1_Map2_TfCentroid;Group1_Map2_MeanCorr;Group1_Map2_Gev;Group1_Map2_BCorr;Group1_Map2_TfBCorr;Group1_Map2_GfpTfBCorr;Group1_Map2_MaxGfp;Group1_Map2_TfMaxGfp;Group1_Map2_MeanGfp;Group1_Map2_MeanDur;Group1_Map2_TimeCov;Group1_Map2_SegDensity;Group1_Map3_FOnset;Group1_Map3_LOffset;Group1_Map3_NumTF;Group1_Map3_TfCentroid;Group1_Map3_MeanCorr;Group1_Map3_Gev;Group1_Map3_BCorr;Group1_Map3_TfBCorr;Group1_Map3_GfpTfBCorr;Group1_Map3_MaxGfp;Group1_Map3_TfMaxGfp;Group1_Map3_MeanGfp;Group1_Map3_MeanDur;Group1_Map3_TimeCov;Group1_Map3_SegDensity;Group1_Map4_FOnset;Group1_Map4_LOffset;Group1_Map4_NumTF;Group1_Map4_TfCentroid;Group1_Map4_MeanCorr;Group1_Map4_Gev;Group1_Map4_BCorr;Group1_Map4_TfBCorr;Group1_Map4_GfpTfBCorr;Group1_Map4_MaxGfp;Group1_Map4_TfMaxGfp;Group1_Map4_MeanGfp;Group1_Map4_MeanDur;Group1_Map4_TimeCov;Group1_Map4_SegDensity;Group1_Map5_FOnset;Group1_Map5_LOffset;Group1_Map5_NumTF;Group1_Map5_TfCentroid;Group1_Map5_MeanCorr;Group1_Map5_Gev;Group1_Map5_BCorr;Group1_Map5_TfBCorr;Group1_Map5_GfpTfBCorr;Group1_Map5_MaxGfp;Group1_Map5_TfMaxGfp;Group1_Map5_MeanGfp;Group1_Map5_MeanDur;Group1_Map5_TimeCov;Group1_Map5_SegDensity
Subject1;-1;-1;0;-1.000000;-1.000000;0.000000;-1.000000;-1;-1.000000;0.000000;-1;0.000000;0.000000;0.000000;0.000000;73;154;14;113.457374;0.351101;0.014622;0.841099;149;2.063844;2.063844;149;1.687590;6.928203;0.170732;0.024390;81;102;22;92.704503;0.829314;0.058914;0.914609;102;2.276330;2.522034;96;1.983502;22.000000;0.268293;0.012195;-1;-1;0;-1.000000;-1.000000;0.000000;-1.000000;-1;-1.000000;0.000000;-1;0.000000;0.000000;0.000000;0.000000;103;148;46;125.348920;0.927678;0.242087;0.964326;131;2.905570;3.003214;122;2.595612;46.000000;0.560976;0.012195
Subject2;-1;-1;0;-1.000000;-1.000000;0.000000;-1.000000;-1;-1.000000;0.000000;-1;0.000000;0.000000;0.000000;0.000000;73;154;60;120.312522;0.283376;0.031640;0.676993;127;1.229822;1.317780;131;1.084596;25.980762;0.731707;0.024390;88;109;22;98.765486;0.423941;0.010786;0.693951;92;0.942026;0.988207;94;0.897998;22.000000;0.268293;0.012195;-1;-1;0;-1.000000;-1.000000;0.000000;-1.000000;-1;-1.000000;0.000000;-1;0.000000;0.000000;0.000000;0.000000;-1;-1;0;-1.000000;-1.000000;0.000000;-1.000000;-1;-1.000000;0.000000;-1;0.000000;0.000000;0.000000;0.000000
Subject3;-1;-1;0;-1.000000;-1.000000;0.000000;-1.000000;-1;-1.000000;0.000000;-1;0.000000;0.000000;0.000000;0.000000;-1;-1;0;-1.000000;-1.000000;0.000000;-1.000000;-1;-1.000000;0.000000;-1;0.000000;0.000000;0.000000;0.000000;73;89;17;81.304474;0.577293;0.005346;0.701284;87;1.058760;1.116559;85;0.982286;17.000000;0.207317;0.012195;90;101;12;96.029322;0.757394;0.007274;0.889286;101;1.356474;1.356474;101;1.010212;12.000000;0.146341;0.012195;102;154;53;129.133912;0.945156;0.301929;0.969538;139;2.994243;3.204766;135;2.566253;53.000000;0.646341;0.012195
Subject4;81;104;24;92.958975;0.942250;0.133815;0.976161;102;1.791435;1.795347;89;1.681623;24.000000;0.292683;0.012195;73;154;42;125.667992;0.832392;0.132512;0.926880;124;1.843592;1.843592;124;1.338120;16.492423;0.512195;0.024390;-1;-1;0;-1.000000;-1.000000;0.000000;-1.000000;-1;-1.000000;0.000000;-1;0.000000;0.000000;0.000000;0.000000;-1;-1;0;-1.000000;-1.000000;0.000000;-1.000000;-1;-1.000000;0.000000;-1;0.000000;0.000000;0.000000;0.000000;105;120;16;112.598230;0.950717;0.098019;0.967698;105;1.769368;1.829269;118;1.763714;16.000000;0.195122;0.012195
Subject5;73;91;19;84.068676;0.686491;0.017253;0.883706;88;2.090375;2.572289;91;1.446850;19.000000;0.231707;0.012195;-1;-1;0;-1.000000;-1.000000;0.000000;-1.000000;-1;-1.000000;0.000000;-1;0.000000;0.000000;0.000000;0.000000;-1;-1;0;-1.000000;-1.000000;0.000000;-1.000000;-1;-1.000000;0.000000;-1;0.000000;0.000000;0.000000;0.000000;-1;-1;0;-1.000000;-1.000000;0.000000;-1.000000;-1;-1.000000;0.000000;-1;0.000000;0.000000;0.000000;0.000000;92;154;63;121.431511;0.933619;0.288729;0.969112;112;3.380011;3.545936;126;2.997636;63.000000;0.768293;0.012195
Subject6;-1;-1;0;-1.000000;-1.000000;0.000000;-1.000000;-1;-1.000000;0.000000;-1;0.000000;0.000000;0.000000;0.000000;133;154;22;143.935365;0.451550;0.011127;0.855857;133;1.258458;1.569041;154;1.113960;22.000000;0.268293;0.012195;-1;-1;0;-1.000000;-1.000000;0.000000;-1.000000;-1;-1.000000;0.000000;-1;0.000000;0.000000;0.000000;0.000000;73;103;31;90.319541;0.945693;0.126191;0.982946;90;2.025386;2.197945;98;1.721178;31.000000;0.378049;0.012195;104;132;29;117.486040;0.936296;0.105864;0.956916;125;1.827521;1.967207;104;1.739273;29.000000;0.353659;0.012195
Subject7;95;100;6;97.551993;0.426418;0.002541;0.677185;95;0.942316;0.994976;100;0.935314;6.000000;0.073171;0.012195;73;154;14;96.906071;0.031113;0.007421;0.736863;154;0.949551;1.296772;74;1.083990;6.324555;0.170732;0.024390;83;90;8;87.211225;0.713597;0.015392;0.876946;90;1.439941;1.439941;90;1.018503;8.000000;0.097561;0.012195;-1;-1;0;-1.000000;-1.000000;0.000000;-1.000000;-1;-1.000000;0.000000;-1;0.000000;0.000000;0.000000;0.000000;91;150;54;123.237144;0.824969;0.140619;0.934502;133;1.442474;1.505764;135;1.208214;14.142136;0.658537;0.024390
Subject8;-1;-1;0;-1.000000;-1.000000;0.000000;-1.000000;-1;-1.000000;0.000000;-1;0.000000;0.000000;0.000000;0.000000;140;154;15;146.434799;0.941099;0.035251;0.947597;152;1.505147;2.105528;140;1.768544;15.000000;0.182927;0.012195;-1;-1;0;-1.000000;-1.000000;0.000000;-1.000000;-1;-1.000000;0.000000;-1;0.000000;0.000000;0.000000;0.000000;-1;-1;0;-1.000000;-1.000000;0.000000;-1.000000;-1;-1.000000;0.000000;-1;0.000000;0.000000;0.000000;0.000000;73;139;67;108.115552;0.972285;0.325071;0.988517;99;2.559093;3.016993;117;2.436800;67.000000;0.817073;0.012195
Subject9;73;89;17;81.725759;0.925270;0.028848;0.955378;87;1.173152;1.247052;89;0.933149;17.000000;0.207317;0.012195;-1;-1;0;-1.000000;-1.000000;0.000000;-1.000000;-1;-1.000000;0.000000;-1;0.000000;0.000000;0.000000;0.000000;-1;-1;0;-1.000000;-1.000000;0.000000;-1.000000;-1;-1.000000;0.000000;-1;0.000000;0.000000;0.000000;0.000000;90;154;35;123.997533;0.953816;0.171769;0.978023;101;1.845975;1.851070;102;1.551133;17.146428;0.426829;0.024390;104;133;30;119.099984;0.968665;0.179997;0.977963;105;1.744961;1.912600;124;1.707525;30.000000;0.365854;0.012195
Subject10;-1;-1;0;-1.000000;-1.000000;0.000000;-1.000000;-1;-1.000000;0.000000;-1;0.000000;0.000000;0.000000;0.000000;110;154;45;132.930111;0.724429;0.094752;0.822713;130;1.598246;1.617826;154;1.437824;45.000000;0.548780;0.012195;73;85;13;79.912848;0.610802;0.006991;0.827252;78;0.785848;0.856033;80;0.682488;13.000000;0.158537;0.012195;86;101;16;94.552405;0.755558;0.034356;0.941406;100;1.754956;1.801975;101;1.228649;16.000000;0.195122;0.012195;102;109;8;105.260176;0.906609;0.031836;0.934083;102;1.801432;1.801432;102;1.571278;8.000000;0.097561;0.012195
Subject11;79;105;27;92.276215;0.951795;0.114307;0.962036;95;1.051153;1.118615;105;1.033216;27.000000;0.329268;0.012195;73;154;18;124.630144;0.940351;0.058081;0.962109;74;0.884581;1.006868;143;0.914217;8.485281;0.219512;0.024390;-1;-1;0;-1.000000;-1.000000;0.000000;-1.000000;-1;-1.000000;0.000000;-1;0.000000;0.000000;0.000000;0.000000;-1;-1;0;-1.000000;-1.000000;0.000000;-1.000000;-1;-1.000000;0.000000;-1;0.000000;0.000000;0.000000;0.000000;106;142;37;123.530762;0.949978;0.190443;0.966218;110;1.193695;1.212986;114;1.141323;37.000000;0.451220;0.012195
Subject12;79;96;11;86.961728;-0.334554;0.009054;0.346306;96;0.952403;1.092388;84;1.016478;5.477226;0.134146;0.024390;73;154;41;121.059800;0.077810;0.041435;0.811382;127;0.930705;1.293565;88;1.102556;10.555264;0.500000;0.036585;97;103;7;100.134051;0.749837;0.015488;0.861336;102;1.150300;1.160031;103;1.079011;7.000000;0.085366;0.012195;-1;-1;0;-1.000000;-1.000000;0.000000;-1.000000;-1;-1.000000;0.000000;-1;0.000000;0.000000;0.000000;0.000000;104;126;23;114.510221;0.900496;0.084731;0.941321;115;1.253545;1.340627;108;1.192023;23.000000;0.280488;0.012195
Subject13;112;137;19;122.831463;0.437289;0.011163;0.555334;112;1.080102;1.080102;112;0.966591;8.831761;0.231707;0.024390;73;154;20;112.475375;0.036895;0.018792;0.429909;148;1.238457;1.700955;73;1.302335;9.949874;0.243902;0.024390;103;111;9;107.030919;0.665090;0.014784;0.757787;103;1.071187;1.099187;110;1.073004;9.000000;0.109756;0.012195;82;102;21;92.100229;0.544300;0.041343;0.845782;97;1.157876;1.184739;90;1.121005;21.000000;0.256098;0.012195;125;143;13;133.613984;0.391572;0.007106;0.465763;130;1.097646;1.101724;129;1.043122;6.480741;0.158537;0.024390
Subject14;-1;-1;0;-1.000000;-1.000000;0.000000;-1.000000;-1;-1.000000;0.000000;-1;0.000000;0.000000;0.000000;0.000000;73;154;71;118.852895;0.671458;0.159673;0.922895;91;0.771515;1.333277;105;1.050468;31.432467;0.865854;0.024390;-1;-1;0;-1.000000;-1.000000;0.000000;-1.000000;-1;-1.000000;0.000000;-1;0.000000;0.000000;0.000000;0.000000;-1;-1;0;-1.000000;-1.000000;0.000000;-1.000000;-1;-1.000000;0.000000;-1;0.000000;0.000000;0.000000;0.000000;92;102;11;97.407540;0.914515;0.041297;0.930693;94;0.964246;1.288624;102;1.088556;11.000000;0.134146;0.012195
Subject15;-1;-1;0;-1.000000;-1.000000;0.000000;-1.000000;-1;-1.000000;0.000000;-1;0.000000;0.000000;0.000000;0.000000;73;154;44;128.440287;0.624472;0.103223;0.895215;75;0.686064;1.380972;119;0.955067;13.964240;0.536585;0.024390;78;115;14;97.191946;0.902715;0.081654;0.938043;85;1.245519;1.535048;113;1.255584;6.928203;0.170732;0.024390;-1;-1;0;-1.000000;-1.000000;0.000000;-1.000000;-1;-1.000000;0.000000;-1;0.000000;0.000000;0.000000;0.000000;86;109;24;97.630491;0.953920;0.134287;0.968884;89;1.219562;1.333448;102;1.182747;24.000000;0.292683;0.012195
Subject16;73;83;11;78.256865;0.861920;0.015872;0.886706;76;0.998614;1.275980;83;1.068876;11.000000;0.134146;0.012195;150;154;5;151.913872;0.932244;0.008556;0.935896;152;1.068597;1.173312;150;1.075093;5.000000;0.060976;0.012195;-1;-1;0;-1.000000;-1.000000;0.000000;-1.000000;-1;-1.000000;0.000000;-1;0.000000;0.000000;0.000000;0.000000;84;112;29;98.708204;0.947699;0.138215;0.974534;111;1.972309;1.972309;111;1.751923;29.000000;0.353659;0.012195;113;149;37;129.961318;0.956420;0.154580;0.972613;114;1.924650;1.952559;113;1.626912;37.000000;0.451220;0.012195
Subject17;73;129;57;103.067414;0.950041;0.203338;0.975610;119;1.086129;1.135728;125;0.975585;57.000000;0.695122;0.012195;-1;-1;0;-1.000000;-1.000000;0.000000;-1.000000;-1;-1.000000;0.000000;-1;0.000000;0.000000;0.000000;0.000000;-1;-1;0;-1.000000;-1.000000;0.000000;-1.000000;-1;-1.000000;0.000000;-1;0.000000;0.000000;0.000000;0.000000;-1;-1;0;-1.000000;-1.000000;0.000000;-1.000000;-1;-1.000000;0.000000;-1;0.000000;0.000000;0.000000;0.000000;130;154;25;140.961169;0.940668;0.076365;0.966549;130;1.090167;1.090167;130;0.910408;25.000000;0.304878;0.012195
Subject18;80;91;12;85.447401;0.887008;0.016795;0.921702;91;1.485063;1.560182;80;1.465037;12.000000;0.146341;0.012195;142;154;13;147.801282;0.951417;0.040009;0.960118;154;1.942967;2.318528;142;2.020847;13.000000;0.158537;0.012195;-1;-1;0;-1.000000;-1.000000;0.000000;-1.000000;-1;-1.000000;0.000000;-1;0.000000;0.000000;0.000000;0.000000;73;79;7;76.089580;0.834569;0.010838;0.838954;78;1.714231;1.739924;77;1.633907;7.000000;0.085366;0.012195;92;141;50;118.325924;0.942464;0.229183;0.956777;97;1.896348;2.889998;132;2.463302;50.000000;0.609756;0.012195
Subject19;-1;-1;0;-1.000000;-1.000000;0.000000;-1.000000;-1;-1.000000;0.000000;-1;0.000000;0.000000;0.000000;0.000000;73;95;23;82.566400;-0.053843;0.003076;0.544948;95;1.168515;2.618643;79;1.815433;23.000000;0.280488;0.012195;96;103;8;99.810837;0.869455;0.013489;0.949932;103;1.919263;1.919263;103;1.603061;8.000000;0.097561;0.012195;104;154;51;128.251459;0.930706;0.214338;0.957436;106;2.200276;2.899041;133;2.441169;51.000000;0.621951;0.012195;-1;-1;0;-1.000000;-1.000000;0.000000;-1.000000;-1;-1.000000;0.000000;-1;0.000000;0.000000;0.000000;0.000000
Subject20;-1;-1;0;-1.000000;-1.000000;0.000000;-1.000000;-1;-1.000000;0.000000;-1;0.000000;0.000000;0.000000;0.000000;73;154;46;106.837880;0.619444;0.086113;0.874021;152;1.577983;1.938923;120;1.402476;13.377492;0.560976;0.036585;-1;-1;0;-1.000000;-1.000000;0.000000;-1.000000;-1;-1.000000;0.000000;-1;0.000000;0.000000;0.000000;0.000000;-1;-1;0;-1.000000;-1.000000;0.000000;-1.000000;-1;-1.000000;0.000000;-1;0.000000;0.000000;0.000000;0.000000;92;148;36;126.022676;0.900703;0.187101;0.951216;142;2.028172;2.316425;131;2.004778;14.966630;0.439024;0.024390
Subject21;-1;-1;0;-1.000000;-1.000000;0.000000;-1.000000;-1;-1.000000;0.000000;-1;0.000000;0.000000;0.000000;0.000000;73;85;13;79.256227;0.371600;0.000933;0.642990;73;0.876870;1.152874;78;1.059682;13.000000;0.158537;0.012195;86;140;12;117.886740;0.763515;0.028181;0.963225;137;3.775441;3.775441;137;2.159863;5.656854;0.146341;0.024390;94;136;43;116.858473;0.945764;0.237453;0.974367;129;3.966462;4.180477;117;3.538899;43.000000;0.524390;0.012195;141;154;14;147.133367;0.951563;0.064775;0.958647;145;3.573019;3.638681;141;3.279745;14.000000;0.170732;0.012195
Subject22;-1;-1;0;-1.000000;-1.000000;0.000000;-1.000000;-1;-1.000000;0.000000;-1;0.000000;0.000000;0.000000;0.000000;73;89;17;80.875996;-0.333648;0.002972;0.150626;89;0.856975;1.669867;80;1.246241;17.000000;0.207317;0.012195;90;154;65;125.318146;0.930780;0.295944;0.969054;104;2.761036;3.531663;139;2.925326;65.000000;0.792683;0.012195;-1;-1;0;-1.000000;-1.000000;0.000000;-1.000000;-1;-1.000000;0.000000;-1;0.000000;0.000000;0.000000;0.000000;-1;-1;0;-1.000000;-1.000000;0.000000;-1.000000;-1;-1.000000;0.000000;-1;0.000000;0.000000;0.000000;0.000000
Subject23;-1;-1;0;-1.000000;-1.000000;0.000000;-1.000000;-1;-1.000000;0.000000;-1;0.000000;0.000000;0.000000;0.000000;73;88;16;80.767571;-0.522264;0.019596;-0.358649;73;1.360881;3.928315;81;2.783639;16.000000;0.195122;0.012195;89;99;11;95.040085;0.703780;0.017940;0.961717;99;2.880609;2.880609;99;1.881621;11.000000;0.134146;0.012195;100;148;49;123.970753;0.962995;0.269548;0.977052;126;4.090885;4.102678;125;3.367656;49.000000;0.597561;0.012195;149;154;6;151.428816;0.929982;0.013582;0.934564;150;2.334056;2.426132;149;2.253830;6.000000;0.073171;0.012195
Subject24;146;150;5;147.879177;0.913394;0.018760;0.929726;146;1.486064;1.486064;146;1.323129;5.000000;0.060976;0.012195;78;85;8;81.710017;0.086746;0.000458;0.471423;78;0.643001;0.898828;83;0.810832;8.000000;0.097561;0.012195;73;109;29;95.627501;0.828828;0.137915;0.979370;99;1.796337;1.818698;96;1.441583;10.954451;0.353659;0.024390;110;145;36;129.111926;0.947775;0.176142;0.976157;132;1.688800;1.911698;136;1.423872;36.000000;0.439024;0.012195;151;154;4;152.532631;0.937077;0.011732;0.945248;153;1.146462;1.207017;154;1.146013;4.000000;0.048780;0.012195
Subject25;-1;-1;0;-1.000000;-1.000000;0.000000;-1.000000;-1;-1.000000;0.000000;-1;0.000000;0.000000;0.000000;0.000000;73;80;8;76.188811;0.622032;0.003427;0.689377;74;1.327247;1.474823;73;1.164538;8.000000;0.097561;0.012195;81;88;8;84.836295;0.530873;0.002961;0.663739;88;1.553373;1.553373;88;1.246845;8.000000;0.097561;0.012195;89;154;66;120.964986;0.903191;0.294512;0.958239;142;2.562910;3.195922;112;2.645273;66.000000;0.804878;0.012195;-1;-1;0;-1.000000;-1.000000;0.000000;-1.000000;-1;-1.000000;0.000000;-1;0.000000;0.000000;0.000000;0.000000
Subject26;-1;-1;0;-1.000000;-1.000000;0.000000;-1.000000;-1;-1.000000;0.000000;-1;0.000000;0.000000;0.000000;0.000000;-1;-1;0;-1.000000;-1.000000;0.000000;-1.000000;-1;-1.000000;0.000000;-1;0.000000;0.000000;0.000000;0.000000;73;119;47;100.061650;0.904929;0.120189;0.953656;119;3.400863;3.449721;112;2.542243;47.000000;0.573171;0.012195;120;138;19;129.258938;0.968700;0.086767;0.974577;130;3.415472;3.732340;138;3.424253;19.000000;0.231707;0.012195;139;154;16;145.955629;0.968721;0.066977;0.971571;150;2.944169;3.700502;139;3.258879;16.000000;0.195122;0.012195
Subject27;122;131;10;126.380234;0.572066;0.006112;0.667759;122;0.845474;0.853314;125;0.820784;10.000000;0.121951;0.012195;73;154;35;114.951613;0.397374;0.018481;0.544469;84;1.104601;1.518143;75;1.042541;16.613248;0.426829;0.024390;85;95;11;90.390486;0.835840;0.043923;0.912766;94;1.643983;1.686592;95;1.422371;11.000000;0.134146;0.012195;-1;-1;0;-1.000000;-1.000000;0.000000;-1.000000;-1;-1.000000;0.000000;-1;0.000000;0.000000;0.000000;0.000000;96;121;26;106.910325;0.832310;0.116782;0.902226;96;1.719237;1.839600;102;1.487518;26.000000;0.317073;0.012195
Subject28;79;154;18;137.828172;0.797197;0.064597;0.968572;149;2.132826;2.276279;154;1.866520;8.062258;0.219512;0.024390;73;78;6;75.538624;0.251429;0.000305;0.405898;73;0.802181;0.859187;78;0.826589;6.000000;0.073171;0.012195;89;93;5;91.098837;0.879333;0.015822;0.922599;93;2.074009;2.074009;93;1.917260;5.000000;0.060976;0.012195;84;141;53;115.457754;0.925967;0.374883;0.979390;110;3.417606;3.488705;112;2.618846;15.491933;0.646341;0.024390;-1;-1;0;-1.000000;-1.000000;0.000000;-1.000000;-1;-1.000000;0.000000;-1;0.000000;0.000000;0.000000;0.000000
Subject29;81;89;9;85.342535;-0.285137;0.000479;0.012296;89;1.108339;1.108339;89;0.978865;9.000000;0.109756;0.012195;-1;-1;0;-1.000000;-1.000000;0.000000;-1.000000;-1;-1.000000;0.000000;-1;0.000000;0.000000;0.000000;0.000000;73;118;13;102.982371;0.669536;0.041905;0.938983;114;3.911786;3.911786;114;2.204562;6.324555;0.158537;0.024390;90;140;46;117.933897;0.882076;0.298518;0.939512;113;3.937832;4.251859;137;3.522683;22.978251;0.560976;0.024390;141;154;14;146.681886;0.891740;0.068275;0.925475;141;4.078276;4.078276;141;3.154460;14.000000;0.170732;0.012195
Subject30;-1;-1;0;-1.000000;-1.000000;0.000000;-1.000000;-1;-1.000000;0.000000;-1;0.000000;0.000000;0.000000;0.000000;73;91;19;81.765602;-0.413626;0.004132;-0.157665;91;1.008291;1.497939;80;1.299095;19.000000;0.231707;0.012195;92;154;63;127.861576;0.849669;0.269587;0.970349;147;3.515783;3.666598;135;2.703613;63.000000;0.768293;0.012195;-1;-1;0;-1.000000;-1.000000;0.000000;-1.000000;-1;-1.000000;0.000000;-1;0.000000;0.000000;0.000000;0.000000;-1;-1;0;-1.000000;-1.000000;0.000000;-1.000000;-1;-1.000000;0.000000;-1;0.000000;0.000000;0.000000;0.000000
Subject31;-1;-1;0;-1.000000;-1.000000;0.000000;-1.000000;-1;-1.000000;0.000000;-1;0.000000;0.000000;0.000000;0.000000;79;90;12;84.526270;-0.114049;0.000651;-0.057373;79;1.363279;1.710021;84;1.576621;12.000000;0.146341;0.012195;73;138;40;109.901058;0.588002;0.088871;0.910646;138;2.307791;2.355152;115;1.646598;11.052094;0.487805;0.036585;116;154;30;133.781409;0.912491;0.165630;0.954596;143;2.326287;2.521062;120;2.166453;14.966630;0.365854;0.024390;-1;-1;0;-1.000000;-1.000000;0.000000;-1.000000;-1;-1.000000;0.000000;-1;0.000000;0.000000;0.000000;0.000000
Subject32;-1;-1;0;-1.000000;-1.000000;0.000000;-1.000000;-1;-1.000000;0.000000;-1;0.000000;0.000000;0.000000;0.000000;-1;-1;0;-1.000000;-1.000000;0.000000;-1.000000;-1;-1.000000;0.000000;-1;0.000000;0.000000;0.000000;0.000000;73;150;34;124.036806;0.431930;0.087659;0.956264;150;4.329470;4.612197;143;2.664331;10.537282;0.414634;0.036585;88;154;48;120.530608;0.819862;0.226448;0.957495;151;4.313093;4.878254;113;4.015261;9.697615;0.585366;0.036585;-1;-1;0;-1.000000;-1.000000;0.000000;-1.000000;-1;-1.000000;0.000000;-1;0.000000;0.000000;0.000000;0.000000
Subject33;113;143;31;127.943862;0.532885;0.023691;0.647512;119;0.922316;0.970534;135;0.899633;31.000000;0.378049;0.012195;73;154;51;99.435125;-0.016074;0.021233;0.441616;147;0.910996;1.924256;79;1.156541;20.976177;0.621951;0.024390;-1;-1;0;-1.000000;-1.000000;0.000000;-1.000000;-1;-1.000000;0.000000;-1;0.000000;0.000000;0.000000;0.000000;-1;-1;0;-1.000000;-1.000000;0.000000;-1.000000;-1;-1.000000;0.000000;-1;0.000000;0.000000;0.000000;0.000000;-1;-1;0;-1.000000;-1.000000;0.000000;-1.000000;-1;-1.000000;0.000000;-1;0.000000;0.000000;0.000000;0.000000
Subject34;-1;-1;0;-1.000000;-1.000000;0.000000;-1.000000;-1;-1.000000;0.000000;-1;0.000000;0.000000;0.000000;0.000000;73;95;23;83.360742;0.129366;0.004841;0.843499;95;2.212094;2.212094;95;1.644662;23.000000;0.280488;0.012195;-1;-1;0;-1.000000;-1.000000;0.000000;-1.000000;-1;-1.000000;0.000000;-1;0.000000;0.000000;0.000000;0.000000;-1;-1;0;-1.000000;-1.000000;0.000000;-1.000000;-1;-1.000000;0.000000;-1;0.000000;0.000000;0.000000;0.000000;96;154;59;128.204273;0.925674;0.332202;0.970497;150;4.924153;4.959024;147;3.845873;59.000000;0.719512;0.012195
Subject35;77;82;6;79.543266;0.189127;0.000271;0.502583;77;0.959161;0.993919;82;0.893017;6.000000;0.073171;0.012195;-1;-1;0;-1.000000;-1.000000;0.000000;-1.000000;-1;-1.000000;0.000000;-1;0.000000;0.000000;0.000000;0.000000;-1;-1;0;-1.000000;-1.000000;0.000000;-1.000000;-1;-1.000000;0.000000;-1;0.000000;0.000000;0.000000;0.000000;73;142;45;111.010463;0.799466;0.136116;0.962108;142;2.870496;2.957173;108;2.114296;11.597780;0.548780;0.036585;109;154;31;128.823346;0.928041;0.158610;0.962035;143;2.857934;3.142755;113;2.672733;15.099669;0.378049;0.024390
Subject36;79;84;6;81.800119;0.541659;0.000847;0.723971;84;0.603953;0.603953;84;0.477089;6.000000;0.073171;0.012195;73;78;6;75.220491;0.034384;0.000034;0.204679;78;0.374071;0.597810;73;0.466614;6.000000;0.073171;0.012195;-1;-1;0;-1.000000;-1.000000;0.000000;-1.000000;-1;-1.000000;0.000000;-1;0.000000;0.000000;0.000000;0.000000;85;115;31;102.190589;0.924647;0.084222;0.960298;115;1.720582;1.720582;115;1.336144;31.000000;0.378049;0.012195;116;154;39;133.605281;0.952197;0.153731;0.967377;120;1.901892;1.918449;121;1.625297;39.000000;0.475610;0.012195
Subject37;103;154;52;131.083154;0.914574;0.257420;0.953768;136;1.440927;1.825390;141;1.354433;52.000000;0.634146;0.012195;73;85;13;78.454065;0.497073;0.007282;0.910701;84;0.698703;1.086940;73;0.861589;13.000000;0.158537;0.012195;-1;-1;0;-1.000000;-1.000000;0.000000;-1.000000;-1;-1.000000;0.000000;-1;0.000000;0.000000;0.000000;0.000000;95;102;8;98.379064;0.953670;0.048793;0.967675;96;1.566094;1.604693;97;1.484862;8.000000;0.097561;0.012195;86;94;9;90.283036;0.955030;0.035100;0.968224;93;1.307981;1.391446;94;1.179360;9.000000;0.109756;0.012195
Subject38;100;123;24;110.586710;0.835183;0.073019;0.898364;105;1.788836;1.788836;105;1.411125;24.000000;0.292683;0.012195;73;85;13;78.643308;0.074260;0.000617;0.472405;85;0.883436;1.434678;78;1.195198;13.000000;0.158537;0.012195;86;99;14;93.164725;0.822066;0.047335;0.902142;98;1.685665;1.699761;96;1.464258;14.000000;0.170732;0.012195;124;145;22;134.772881;0.886018;0.084382;0.917690;142;1.728752;1.728752;142;1.523814;22.000000;0.268293;0.012195;146;154;9;150.059505;0.878798;0.038210;0.907710;148;1.587530;1.662939;154;1.624647;9.000000;0.109756;0.012195
Subject39;73;140;62;112.240898;0.516959;0.067730;0.729283;95;0.820736;1.176001;121;0.904584;19.621417;0.756098;0.024390;80;154;20;132.961751;0.344359;0.007852;0.560200;150;0.845030;0.945516;141;0.774691;9.165151;0.243902;0.024390;-1;-1;0;-1.000000;-1.000000;0.000000;-1.000000;-1;-1.000000;0.000000;-1;0.000000;0.000000;0.000000;0.000000;-1;-1;0;-1.000000;-1.000000;0.000000;-1.000000;-1;-1.000000;0.000000;-1;0.000000;0.000000;0.000000;0.000000;-1;-1;0;-1.000000;-1.000000;0.000000;-1.000000;-1;-1.000000;0.000000;-1;0.000000;0.000000;0.000000;0.000000
Subject40;80;122;29;104.629078;0.927975;0.066584;0.963747;106;1.157241;1.275195;104;0.992747;13.784049;0.353659;0.024390;73;79;7;75.867982;0.486247;0.001271;0.800901;79;0.533775;0.615734;73;0.513895;7.000000;0.085366;0.012195;-1;-1;0;-1.000000;-1.000000;0.000000;-1.000000;-1;-1.000000;0.000000;-1;0.000000;0.000000;0.000000;0.000000;90;103;14;96.534895;0.949821;0.065116;0.967002;98;1.500047;1.550226;96;1.399246;14.000000;0.170732;0.012195;123;154;32;138.913305;0.952807;0.171567;0.969376;142;1.740990;1.767726;141;1.490759;32.000000;0.390244;0.012195
Subject41;-1;-1;0;-1.000000;-1.000000;0.000000;-1.000000;-1;-1.000000;0.000000;-1;0.000000;0.000000;0.000000;0.000000;73;77;5;75.114587;0.761988;0.003033;0.805668;77;0.692175;0.692175;77;0.612660;5.000000;0.060976;0.012195;-1;-1;0;-1.000000;-1.000000;0.000000;-1.000000;-1;-1.000000;0.000000;-1;0.000000;0.000000;0.000000;0.000000;82;154;73;120.104295;0.936249;0.304700;0.967216;137;1.592652;1.592652;137;1.305603;73.000000;0.890244;0.012195;78;81;4;79.567996;0.835132;0.004950;0.850741;81;0.869131;0.869131;81;0.805229;4.000000;0.048780;0.012195
Subject42;-1;-1;0;-1.000000;-1.000000;0.000000;-1.000000;-1;-1.000000;0.000000;-1;0.000000;0.000000;0.000000;0.000000;73;154;82;114.800699;0.505978;0.143949;0.923818;154;2.082156;2.656395;73;1.524809;82.000000;1.000000;0.012195;-1;-1;0;-1.000000;-1.000000;0.000000;-1.000000;-1;-1.000000;0.000000;-1;0.000000;0.000000;0.000000;0.000000;-1;-1;0;-1.000000;-1.000000;0.000000;-1.000000;-1;-1.000000;0.000000;-1;0.000000;0.000000;0.000000;0.000000;-1;-1;0;-1.000000;-1.000000;0.000000;-1.000000;-1;-1.000000;0.000000;-1;0.000000;0.000000;0.000000;0.000000
Subject43;-1;-1;0;-1.000000;-1.000000;0.000000;-1.000000;-1;-1.000000;0.000000;-1;0.000000;0.000000;0.000000;0.000000;73;154;36;100.394150;-0.302330;0.075099;0.107366;148;0.954994;4.023957;73;1.583083;17.972201;0.439024;0.024390;111;135;25;122.247095;-0.395381;0.008470;-0.223681;135;0.827858;1.086890;111;0.923702;25.000000;0.304878;0.012195;90;110;21;100.668026;0.034931;0.003590;0.266535;106;1.427172;1.487937;103;1.234696;21.000000;0.256098;0.012195;-1;-1;0;-1.000000;-1.000000;0.000000;-1.000000;-1;-1.000000;0.000000;-1;0.000000;0.000000;0.000000;0.000000
Subject44;86;110;25;96.362068;0.462396;0.015325;0.748334;97;0.763247;0.768480;96;0.582656;25.000000;0.304878;0.012195;73;129;32;98.262822;0.250159;0.013096;0.816862;129;0.893901;1.260980;73;0.730092;15.716234;0.390244;0.024390;-1;-1;0;-1.000000;-1.000000;0.000000;-1.000000;-1;-1.000000;0.000000;-1;0.000000;0.000000;0.000000;0.000000;-1;-1;0;-1.000000;-1.000000;0.000000;-1.000000;-1;-1.000000;0.000000;-1;0.000000;0.000000;0.000000;0.000000;130;154;25;142.712320;0.915561;0.192187;0.963052;152;1.472004;1.577132;147;1.385132;25.000000;0.304878;0.012195
Subject45;-1;-1;0;-1.000000;-1.000000;0.000000;-1.000000;-1;-1.000000;0.000000;-1;0.000000;0.000000;0.000000;0.000000;73;154;82;116.795837;0.147337;0.033804;0.722341;98;0.534610;1.539867;74;0.987346;82.000000;1.000000;0.012195;-1;-1;0;-1.000000;-1.000000;0.000000;-1.000000;-1;-1.000000;0.000000;-1;0.000000;0.000000;0.000000;0.000000;-1;-1;0;-1.000000;-1.000000;0.000000;-1.000000;-1;-1.000000;0.000000;-1;0.000000;0.000000;0.000000;0.000000;-1;-1;0;-1.000000;-1.000000;0.000000;-1.000000;-1;-1.000000;0.000000;-1;0.000000;0.000000;0.000000;0.000000
Subject46;-1;-1;0;-1.000000;-1.000000;0.000000;-1.000000;-1;-1.000000;0.000000;-1;0.000000;0.000000;0.000000;0.000000;73;154;46;114.562336;0.894262;0.148143;0.931759;87;0.884715;1.300029;154;0.985769;10.440087;0.560976;0.048780;-1;-1;0;-1.000000;-1.000000;0.000000;-1.000000;-1;-1.000000;0.000000;-1;0.000000;0.000000;0.000000;0.000000;-1;-1;0;-1.000000;-1.000000;0.000000;-1.000000;-1;-1.000000;0.000000;-1;0.000000;0.000000;0.000000;0.000000;93;145;36;118.203277;0.911977;0.161121;0.934521;100;1.186198;1.299685;132;1.155519;10.079368;0.439024;0.036585
Subject47;88;154;67;119.380986;0.005220;0.012343;0.528509;154;0.942512;1.430201;112;1.142647;67.000000;0.817073;0.012195;73;87;15;79.224022;-0.215147;0.007428;-0.027171;87;1.158805;2.206410;73;1.718087;15.000000;0.182927;0.012195;-1;-1;0;-1.000000;-1.000000;0.000000;-1.000000;-1;-1.000000;0.000000;-1;0.000000;0.000000;0.000000;0.000000;-1;-1;0;-1.000000;-1.000000;0.000000;-1.000000;-1;-1.000000;0.000000;-1;0.000000;0.000000;0.000000;0.000000;-1;-1;0;-1.000000;-1.000000;0.000000;-1.000000;-1;-1.000000;0.000000;-1;0.000000;0.000000;0.000000;0.000000
Subject48;81;124;44;100.908295;0.856217;0.205886;0.960604;93;1.457757;1.792611;100;1.295471;44.000000;0.536585;0.012195;73;154;38;128.362361;0.812964;0.105138;0.903243;154;1.227997;1.282065;149;1.079292;15.491933;0.463415;0.024390;-1;-1;0;-1.000000;-1.000000;0.000000;-1.000000;-1;-1.000000;0.000000;-1;0.000000;0.000000;0.000000;0.000000;-1;-1;0;-1.000000;-1.000000;0.000000;-1.000000;-1;-1.000000;0.000000;-1;0.000000;0.000000;0.000000;0.000000;-1;-1;0;-1.000000;-1.000000;0.000000;-1.000000;-1;-1.000000;0.000000;-1;0.000000;0.000000;0.000000;0.000000
Subject49;81;85;5;83.110428;0.287794;0.001212;0.554649;85;0.719894;0.719894;85;0.643640;5.000000;0.060976;0.012195;73;154;19;119.848741;0.003546;0.000543;0.121033;144;0.695516;0.957835;154;0.725508;9.380832;0.231707;0.024390;123;143;21;132.232434;0.578961;0.026861;0.832514;125;1.036757;1.110446;123;0.855767;21.000000;0.256098;0.012195;86;122;37;104.388073;0.800430;0.144037;0.860972;94;1.295044;1.387291;97;1.201089;37.000000;0.451220;0.012195;-1;-1;0;-1.000000;-1.000000;0.000000;-1.000000;-1;-1.000000;0.000000;-1;0.000000;0.000000;0.000000;0.000000
Subject50;101;115;15;107.955800;0.923733;0.069141;0.928110;103;1.146118;1.179603;101;1.118201;15.000000;0.182927;0.012195;73;154;56;122.814352;0.934105;0.253203;0.944474;84;0.828120;1.259164;139;1.079028;25.748786;0.682927;0.024390;-1;-1;0;-1.000000;-1.000000;0.000000;-1.000000;-1;-1.000000;0.000000;-1;0.000000;0.000000;0.000000;0.000000;-1;-1;0;-1.000000;-1.000000;0.000000;-1.000000;-1;-1.000000;0.000000;-1;0.000000;0.000000;0.000000;0.000000;90;100;11;95.087941;0.930941;0.053782;0.936743;95;1.156788;1.178088;100;1.142520;11.000000;0.134146;0.012195
Subject51;81;154;66;116.579435;0.560166;0.111183;0.683575;132;1.179028;1.249003;119;0.972112;22.649503;0.804878;0.024390;73;80;8;76.243434;-0.483454;0.009269;-0.405618;73;1.077704;1.110972;74;1.006123;8.000000;0.097561;0.012195;-1;-1;0;-1.000000;-1.000000;0.000000;-1.000000;-1;-1.000000;0.000000;-1;0.000000;0.000000;0.000000;0.000000;138;145;8;141.490651;0.609018;0.009723;0.656963;145;0.863236;0.886480;138;0.817958;8.000000;0.097561;0.012195;-1;-1;0;-1.000000;-1.000000;0.000000;-1.000000;-1;-1.000000;0.000000;-1;0.000000;0.000000;0.000000;0.000000
Subject52;103;115;13;109.333652;-0.510465;0.019917;-0.319420;103;0.902061;1.207388;114;1.083897;13.000000;0.158537;0.012195;73;154;42;119.712203;0.225098;0.059149;0.798018;143;1.062413;1.271799;154;0.909647;19.798990;0.512195;0.024390;87;126;17;110.112545;-0.532743;0.022248;-0.188569;92;0.888615;1.156359;116;0.906641;8.124038;0.207317;0.024390;93;102;10;97.532533;-0.123283;0.000637;-0.078493;96;0.936837;0.955911;98;0.930058;10.000000;0.121951;0.012195;-1;-1;0;-1.000000;-1.000000;0.000000;-1.000000;-1;-1.000000;0.000000;-1;0.000000;0.000000;0.000000;0.000000
Subject53;-1;-1;0;-1.000000;-1.000000;0.000000;-1.000000;-1;-1.000000;0.000000;-1;0.000000;0.000000;0.000000;0.000000;81;94;14;87.515335;0.857117;0.035295;0.879744;93;1.247913;1.349465;94;1.254375;14.000000;0.170732;0.012195;115;154;36;134.171664;0.905983;0.199192;0.946780;115;1.702604;2.183366;140;1.716968;12.449900;0.439024;0.024390;-1;-1;0;-1.000000;-1.000000;0.000000;-1.000000;-1;-1.000000;0.000000;-1;0.000000;0.000000;0.000000;0.000000;73;149;32;104.741222;0.900909;0.144162;0.960022;111;1.747035;1.932797;146;1.569888;8.617739;0.390244;0.036585
