Subject;Group;Map;FOnset;LOffset;NumTF;TfCentroid;MeanCorr;Gev;BCorr;TfBCorr;GfpTfBCorr;MaxGfp;TfMaxGfp;MeanGfp;MeanDur;TimeCov;SegDensity
Subject1;Group2;Map1;-1;-1;0;-1.000000;-1.000000;0.000000;-1.000000;-1;-1.000000;0.000000;-1;0.000000;0.000000;0.000000;0.000000
Subject1;Group2;Map2;73;93;17;85.183398;0.197408;0.001338;0.402887;79;0.996621;1.829916;92;1.299068;8.366600;0.207317;0.024390
Subject1;Group2;Map3;80;106;17;98.309317;0.731683;0.047186;0.955893;105;2.946559;3.036991;106;1.898288;7.211103;0.207317;0.024390
Subject1;Group2;Map4;-1;-1;0;-1.000000;-1.000000;0.000000;-1.000000;-1;-1.000000;0.000000;-1;0.000000;0.000000;0.000000;0.000000
Subject1;Group2;Map5;107;154;48;128.842397;0.935527;0.219451;0.954623;107;3.071122;3.071122;107;2.389603;48.000000;0.585366;0.012195
Subject2;Group2;Map1;-1;-1;0;-1.000000;-1.000000;0.000000;-1.000000;-1;-1.000000;0.000000;-1;0.000000;0.000000;0.000000;0.000000
Subject2;Group2;Map2;73;154;82;113.542008;0.283825;0.043819;0.689793;117;1.237160;1.459509;81;1.138131;82.000000;1.000000;0.012195
Subject2;Group2;Map3;-1;-1;0;-1.000000;-1.000000;0.000000;-1.000000;-1;-1.000000;0.000000;-1;0.000000;0.000000;0.000000;0.000000
Subject2;Group2;Map4;-1;-1;0;-1.000000;-1.000000;0.000000;-1.000000;-1;-1.000000;0.000000;-1;0.000000;0.000000;0.000000;0.000000
Subject2;Group2;Map5;-1;-1;0;-1.000000;-1.000000;0.000000;-1.000000;-1;-1.000000;0.000000;-1;0.000000;0.000000;0.000000;0.000000
Subject3;Group2;Map1;-1;-1;0;-1.000000;-1.000000;0.000000;-1.000000;-1;-1.000000;0.000000;-1;0.000000;0.000000;0.000000;0.000000
Subject3;Group2;Map2;86;93;8;89.294166;0.299709;0.000580;0.487104;93;0.823854;1.067384;86;0.917833;8.000000;0.097561;0.012195
Subject3;Group2;Map3;73;110;30;95.254905;0.723928;0.044176;0.919015;110;2.426052;2.426052;110;1.470025;14.866069;0.365854;0.024390
Subject3;Group2;Map4;-1;-1;0;-1.000000;-1.000000;0.000000;-1.000000;-1;-1.000000;0.000000;-1;0.000000;0.000000;0.000000;0.000000
Subject3;Group2;Map5;111;154;44;129.999431;0.935233;0.252682;0.958201;121;3.292483;3.292483;121;2.601942;44.000000;0.536585;0.012195
Subject4;Group2;Map1;90;136;19;110.461170;0.902600;0.054878;0.962607;99;1.554221;1.554221;99;1.241111;9.486833;0.231707;0.024390
Subject4;Group2;Map2;73;154;35;110.222627;0.612912;0.042031;0.927364;79;1.136867;1.194173;76;0.986349;17.492856;0.426829;0.024390
Subject4;Group2;Map3;-1;-1;0;-1.000000;-1.000000;0.000000;-1.000000;-1;-1.000000;0.000000;-1;0.000000;0.000000;0.000000;0.000000
Subject4;Group2;Map4;-1;-1;0;-1.000000;-1.000000;0.000000;-1.000000;-1;-1.000000;0.000000;-1;0.000000;0.000000;0.000000;0.000000
Subject4;Group2;Map5;100;127;28;113.195258;0.972367;0.158757;0.984531;115;1.854760;1.854760;115;1.650354;28.000000;0.341463;0.012195
Subject5;Group2;Map1;73;84;12;77.973036;0.439904;0.001516;0.651123;73;1.079174;1.126238;74;0.907185;12.000000;0.146341;0.012195
Subject5;Group2;Map2;85;154;12;128.097975;0.470376;0.008970;0.897999;153;2.010352;2.020851;154;1.315819;5.916080;0.146341;0.024390
Subject5;Group2;Map3;-1;-1;0;-1.000000;-1.000000;0.000000;-1.000000;-1;-1.000000;0.000000;-1;0.000000;0.000000;0.000000;0.000000
Subject5;Group2;Map4;-1;-1;0;-1.000000;-1.000000;0.000000;-1.000000;-1;-1.000000;0.000000;-1;0.000000;0.000000;0.000000;0.000000
Subject5;Group2;Map5;92;149;58;121.200011;0.941475;0.332624;0.971833;135;3.801384;3.935110;115;3.268196;58.000000;0.707317;0.012195
Subject6;Group2;Map1;-1;-1;0;-1.000000;-1.000000;0.000000;-1.000000;-1;-1.000000;0.000000;-1;0.000000;0.000000;0.000000;0.000000
Subject6;Group2;Map2;135;154;20;146.337003;0.266288;0.003623;0.868722;135;0.733017;1.601845;154;0.953427;20.000000;0.243902;0.012195
Subject6;Group2;Map3;-1;-1;0;-1.000000;-1.000000;0.000000;-1.000000;-1;-1.000000;0.000000;-1;0.000000;0.000000;0.000000;0.000000
Subject6;Group2;Map4;73;87;15;80.780992;0.952168;0.076336;0.963601;85;2.345683;2.355406;87;1.987833;15.000000;0.182927;0.012195
Subject6;Group2;Map5;88;134;47;108.217719;0.959725;0.237159;0.978211;117;2.044750;2.472174;105;1.929454;47.000000;0.573171;0.012195
Subject7;Group2;Map1;73;134;22;114.955575;0.672773;0.048544;0.917615;124;1.279185;1.558178;132;1.061878;10.954451;0.268293;0.024390
Subject7;Group2;Map2;-1;-1;0;-1.000000;-1.000000;0.000000;-1.000000;-1;-1.000000;0.000000;-1;0.000000;0.000000;0.000000;0.000000
Subject7;Group2;Map3;83;89;7;86.416880;0.639231;0.008945;0.747115;88;1.243947;1.310919;89;1.018688;7.000000;0.085366;0.012195
Subject7;Group2;Map4;135;145;11;139.556019;0.830071;0.028016;0.874659;135;1.471744;1.471744;135;1.201688;11.000000;0.134146;0.012195
Subject7;Group2;Map5;90;154;42;113.462390;0.837498;0.151296;0.945235;117;1.586976;1.751541;112;1.392376;17.233688;0.512195;0.024390
Subject8;Group2;Map1;73;78;6;75.497832;0.955354;0.007871;0.960553;76;1.324748;1.324748;76;1.313051;6.000000;0.073171;0.012195
Subject8;Group2;Map2;-1;-1;0;-1.000000;-1.000000;0.000000;-1.000000;-1;-1.000000;0.000000;-1;0.000000;0.000000;0.000000;0.000000
Subject8;Group2;Map3;-1;-1;0;-1.000000;-1.000000;0.000000;-1.000000;-1;-1.000000;0.000000;-1;0.000000;0.000000;0.000000;0.000000
Subject8;Group2;Map4;94;104;11;99.201167;0.981745;0.052300;0.983933;102;2.590611;2.602894;101;2.426942;11.000000;0.134146;0.012195
Subject8;Group2;Map5;79;154;65;121.910511;0.962742;0.232782;0.986144;129;2.384682;2.569500;125;2.107614;27.386128;0.792683;0.024390
Subject9;Group2;Map1;80;154;22;111.510084;0.886474;0.027748;0.938943;97;1.006829;1.102946;84;0.804750;7.047299;0.268293;0.036585
Subject9;Group2;Map2;73;79;7;76.097943;0.728711;0.002750;0.823183;79;0.653100;0.653100;79;0.575886;7.000000;0.085366;0.012195
Subject9;Group2;Map3;-1;-1;0;-1.000000;-1.000000;0.000000;-1.000000;-1;-1.000000;0.000000;-1;0.000000;0.000000;0.000000;0.000000
Subject9;Group2;Map4;85;144;40;122.416721;0.959778;0.181018;0.975386;113;1.691934;1.754889;118;1.479595;14.282857;0.487805;0.024390
Subject9;Group2;Map5;98;110;13;104.379540;0.965986;0.058636;0.973197;109;1.654934;1.696103;110;1.480899;13.000000;0.158537;0.012195
Subject10;Group2;Map1;-1;-1;0;-1.000000;-1.000000;0.000000;-1.000000;-1;-1.000000;0.000000;-1;0.000000;0.000000;0.000000;0.000000
Subject10;Group2;Map2;119;154;21;139.569773;0.768977;0.042594;0.876364;123;1.588857;1.588857;123;1.305775;8.944272;0.256098;0.024390
Subject10;Group2;Map3;-1;-1;0;-1.000000;-1.000000;0.000000;-1.000000;-1;-1.000000;0.000000;-1;0.000000;0.000000;0.000000;0.000000
Subject10;Group2;Map4;73;110;38;93.586035;0.823045;0.178906;0.956430;102;2.534526;2.548769;101;1.727231;38.000000;0.463415;0.012195
Subject10;Group2;Map5;111;138;23;125.735976;0.876161;0.082357;0.907699;133;1.642888;1.771030;128;1.539455;10.954451;0.280488;0.024390
Subject11;Group2;Map1;80;138;45;108.125027;0.920535;0.148761;0.971424;103;1.130351;1.143121;104;0.934373;22.360680;0.548780;0.024390
Subject11;Group2;Map2;73;154;23;122.922893;0.925557;0.054408;0.956482;73;0.871659;0.872643;74;0.793011;10.583005;0.280488;0.024390
Subject11;Group2;Map3;-1;-1;0;-1.000000;-1.000000;0.000000;-1.000000;-1;-1.000000;0.000000;-1;0.000000;0.000000;0.000000;0.000000
Subject11;Group2;Map4;-1;-1;0;-1.000000;-1.000000;0.000000;-1.000000;-1;-1.000000;0.000000;-1;0.000000;0.000000;0.000000;0.000000
Subject11;Group2;Map5;105;118;14;111.362040;0.967956;0.074206;0.975778;108;1.181373;1.181373;108;1.137298;14.000000;0.170732;0.012195
Subject12;Group2;Map1;73;84;12;78.527148;-0.530352;0.011651;-0.434354;84;1.055248;1.065773;73;1.043932;12.000000;0.146341;0.012195
Subject12;Group2;Map2;85;154;44;127.632253;0.095276;0.013753;0.758096;121;0.912306;1.507344;154;0.954799;18.439089;0.536585;0.024390
Subject12;Group2;Map3;-1;-1;0;-1.000000;-1.000000;0.000000;-1.000000;-1;-1.000000;0.000000;-1;0.000000;0.000000;0.000000;0.000000
Subject12;Group2;Map4;95;105;11;100.880068;0.839207;0.066377;0.942245;103;1.890725;1.890725;103;1.455155;11.000000;0.134146;0.012195
Subject12;Group2;Map5;106;120;15;112.066076;0.876737;0.063920;0.941694;107;1.656811;1.716006;106;1.260340;15.000000;0.182927;0.012195
Subject13;Group2;Map1;129;141;13;135.195996;0.025826;0.000565;0.250277;129;1.111168;1.219011;141;1.061702;13.000000;0.158537;0.012195
Subject13;Group2;Map2;73;154;22;121.561240;-0.434925;0.024169;-0.179820;142;1.256123;1.441265;154;1.295805;10.816654;0.268293;0.024390
Subject13;Group2;Map3;89;113;19;99.617957;0.199011;0.003851;0.560924;108;0.897907;0.917212;99;0.856902;8.831761;0.231707;0.024390
Subject13;Group2;Map4;82;128;24;106.973706;0.277333;0.013602;0.567688;123;0.981523;1.200584;127;0.983006;5.957892;0.292683;0.048780
Subject13;Group2;Map5;119;122;4;120.497850;0.567814;0.003931;0.575214;121;0.975394;0.977383;120;0.973378;4.000000;0.048780;0.012195
Subject14;Group2;Map1;-1;-1;0;-1.000000;-1.000000;0.000000;-1.000000;-1;-1.000000;0.000000;-1;0.000000;0.000000;0.000000;0.000000
Subject14;Group2;Map2;73;154;66;118.113915;0.615756;0.105699;0.879645;91;0.876989;1.333259;110;0.943506;30.740852;0.804878;0.024390
Subject14;Group2;Map3;-1;-1;0;-1.000000;-1.000000;0.000000;-1.000000;-1;-1.000000;0.000000;-1;0.000000;0.000000;0.000000;0.000000
Subject14;Group2;Map4;-1;-1;0;-1.000000;-1.000000;0.000000;-1.000000;-1;-1.000000;0.000000;-1;0.000000;0.000000;0.000000;0.000000
Subject14;Group2;Map5;94;109;16;101.901524;0.889279;0.081695;0.918777;98;1.238550;1.457276;105;1.308743;16.000000;0.195122;0.012195
Subject15;Group2;Map1;-1;-1;0;-1.000000;-1.000000;0.000000;-1.000000;-1;-1.000000;0.000000;-1;0.000000;0.000000;0.000000;0.000000
Subject15;Group2;Map2;88;154;46;125.264176;0.278008;0.034905;0.828872;118;1.000000;1.024719;88;0.708160;18.248288;0.560976;0.024390
Subject15;Group2;Map3;73;117;30;97.573347;0.890298;0.116049;0.949891;104;1.179664;1.284267;113;1.028766;15.000000;0.365854;0.024390
Subject15;Group2;Map4;-1;-1;0;-1.000000;-1.000000;0.000000;-1.000000;-1;-1.000000;0.000000;-1;0.000000;0.000000;0.000000;0.000000
Subject15;Group2;Map5;97;102;6;99.602168;0.860312;0.018351;0.932030;102;1.076836;1.076836;102;0.961692;6.000000;0.073171;0.012195
Subject16;Group2;Map1;73;93;15;82.966395;0.858177;0.030049;0.926677;93;1.487091;1.487091;93;1.242678;7.071068;0.182927;0.024390
Subject16;Group2;Map2;-1;-1;0;-1.000000;-1.000000;0.000000;-1.000000;-1;-1.000000;0.000000;-1;0.000000;0.000000;0.000000;0.000000
Subject16;Group2;Map3;-1;-1;0;-1.000000;-1.000000;0.000000;-1.000000;-1;-1.000000;0.000000;-1;0.000000;0.000000;0.000000;0.000000
Subject16;Group2;Map4;83;119;32;103.636815;0.933566;0.146138;0.959072;114;1.885768;1.959383;109;1.726474;12.489996;0.390244;0.024390
Subject16;Group2;Map5;120;154;35;135.348908;0.938615;0.097834;0.959240;133;1.471246;1.704370;120;1.340183;35.000000;0.426829;0.012195
Subject17;Group2;Map1;73;154;76;111.213863;0.946831;0.241133;0.968562;134;0.944436;1.139378;104;0.921071;21.977261;0.926829;0.024390
Subject17;Group2;Map2;-1;-1;0;-1.000000;-1.000000;0.000000;-1.000000;-1;-1.000000;0.000000;-1;0.000000;0.000000;0.000000;0.000000
Subject17;Group2;Map3;-1;-1;0;-1.000000;-1.000000;0.000000;-1.000000;-1;-1.000000;0.000000;-1;0.000000;0.000000;0.000000;0.000000
Subject17;Group2;Map4;-1;-1;0;-1.000000;-1.000000;0.000000;-1.000000;-1;-1.000000;0.000000;-1;0.000000;0.000000;0.000000;0.000000
Subject17;Group2;Map5;142;147;6;144.429723;0.950322;0.013758;0.957309;142;0.838887;0.838887;142;0.793488;6.000000;0.073171;0.012195
Subject18;Group2;Map1;83;88;6;85.356731;0.832821;0.004144;0.867352;88;1.047746;1.319050;83;1.095911;6.000000;0.073171;0.012195
Subject18;Group2;Map2;150;154;5;151.998919;0.903050;0.006947;0.909515;154;1.460335;1.460512;150;1.433081;5.000000;0.060976;0.012195
Subject18;Group2;Map3;-1;-1;0;-1.000000;-1.000000;0.000000;-1.000000;-1;-1.000000;0.000000;-1;0.000000;0.000000;0.000000;0.000000
Subject18;Group2;Map4;73;82;10;77.152301;0.858066;0.032441;0.925851;73;2.301450;2.601571;76;2.250797;10.000000;0.121951;0.012195
Subject18;Group2;Map5;89;149;61;118.078528;0.950948;0.293791;0.984565;108;3.361893;3.463341;111;2.413309;61.000000;0.743902;0.012195
Subject19;Group2;Map1;-1;-1;0;-1.000000;-1.000000;0.000000;-1.000000;-1;-1.000000;0.000000;-1;0.000000;0.000000;0.000000;0.000000
Subject19;Group2;Map2;73;101;29;83.734183;0.099645;0.017137;0.808139;97;1.125828;4.364309;80;2.515915;29.000000;0.353659;0.012195
Subject19;Group2;Map3;102;110;9;106.578468;0.923121;0.030434;0.958082;109;2.673895;2.775828;110;2.132658;9.000000;0.109756;0.012195
Subject19;Group2;Map4;111;154;44;129.411431;0.731023;0.093208;0.945171;111;2.865870;2.927188;112;1.861946;44.000000;0.536585;0.012195
Subject19;Group2;Map5;-1;-1;0;-1.000000;-1.000000;0.000000;-1.000000;-1;-1.000000;0.000000;-1;0.000000;0.000000;0.000000;0.000000
Subject20;Group2;Map1;-1;-1;0;-1.000000;-1.000000;0.000000;-1.000000;-1;-1.000000;0.000000;-1;0.000000;0.000000;0.000000;0.000000
Subject20;Group2;Map2;73;154;36;107.209061;0.429448;0.040507;0.849532;144;1.380481;1.678699;77;1.441903;11.656953;0.439024;0.036585
Subject20;Group2;Map3;96;109;14;102.335813;0.879131;0.063139;0.944888;97;1.957173;1.993202;99;1.902814;14.000000;0.170732;0.012195
Subject20;Group2;Map4;-1;-1;0;-1.000000;-1.000000;0.000000;-1.000000;-1;-1.000000;0.000000;-1;0.000000;0.000000;0.000000;0.000000
Subject20;Group2;Map5;89;143;32;121.266307;0.898343;0.112983;0.950370;125;1.934614;1.982764;123;1.641918;13.228757;0.390244;0.024390
Subject21;Group2;Map1;-1;-1;0;-1.000000;-1.000000;0.000000;-1.000000;-1;-1.000000;0.000000;-1;0.000000;0.000000;0.000000;0.000000
Subject21;Group2;Map2;73;91;19;82.411608;0.022991;0.001271;0.536704;73;1.125947;1.907357;84;1.559673;19.000000;0.231707;0.012195
Subject21;Group2;Map3;92;96;5;94.170084;0.808181;0.005368;0.929286;96;2.123986;2.123986;96;1.784373;5.000000;0.060976;0.012195
Subject21;Group2;Map4;97;131;35;113.523949;0.961751;0.126786;0.975253;110;3.008866;3.451397;104;2.870820;35.000000;0.426829;0.012195
Subject21;Group2;Map5;132;154;23;142.426649;0.971400;0.073071;0.982884;139;2.951614;2.987161;141;2.656370;23.000000;0.280488;0.012195
Subject22;Group2;Map1;-1;-1;0;-1.000000;-1.000000;0.000000;-1.000000;-1;-1.000000;0.000000;-1;0.000000;0.000000;0.000000;0.000000
Subject22;Group2;Map2;73;94;22;82.548612;-0.297577;0.010053;0.580548;94;1.016631;2.317853;80;1.699469;22.000000;0.268293;0.012195
Subject22;Group2;Map3;95;145;51;121.496819;0.944663;0.187045;0.982763;128;3.174007;3.190257;129;2.608214;51.000000;0.621951;0.012195
Subject22;Group2;Map4;-1;-1;0;-1.000000;-1.000000;0.000000;-1.000000;-1;-1.000000;0.000000;-1;0.000000;0.000000;0.000000;0.000000
Subject22;Group2;Map5;146;154;9;149.785653;0.951124;0.032406;0.959744;146;2.857416;2.893008;147;2.654642;9.000000;0.109756;0.012195
Subject23;Group2;Map1;-1;-1;0;-1.000000;-1.000000;0.000000;-1.000000;-1;-1.000000;0.000000;-1;0.000000;0.000000;0.000000;0.000000
Subject23;Group2;Map2;73;96;24;83.688930;-0.346791;0.021723;0.467162;96;1.253827;3.627117;82;2.471480;24.000000;0.292683;0.012195
Subject23;Group2;Map3;97;118;22;108.245690;0.897713;0.047334;0.944592;108;2.418255;2.486379;118;2.207334;22.000000;0.268293;0.012195
Subject23;Group2;Map4;119;150;32;133.459972;0.955909;0.133182;0.963197;139;3.069256;3.564294;128;2.931277;32.000000;0.390244;0.012195
Subject23;Group2;Map5;151;154;4;152.449163;0.917038;0.004834;0.926919;151;1.788678;1.788678;151;1.669304;4.000000;0.048780;0.012195
Subject24;Group2;Map1;120;130;11;124.826111;0.905174;0.026760;0.924439;122;1.128621;1.172503;120;1.076661;11.000000;0.134146;0.012195
Subject24;Group2;Map2;79;90;12;84.420236;0.581746;0.007187;0.709289;79;0.853792;0.912112;90;0.822564;12.000000;0.146341;0.012195
Subject24;Group2;Map3;73;119;25;99.853496;0.879044;0.083992;0.944296;115;1.319770;1.558535;110;1.273160;8.082480;0.304878;0.036585
Subject24;Group2;Map4;131;140;10;135.804505;0.932383;0.053934;0.952027;140;1.658519;1.703347;137;1.544283;10.000000;0.121951;0.012195
Subject24;Group2;Map5;99;154;24;126.956495;0.921991;0.085903;0.960087;144;1.433342;1.636495;141;1.267363;11.832160;0.292683;0.024390
Subject25;Group2;Map1;146;154;9;149.952713;0.829464;0.015668;0.836469;146;1.853398;1.858270;148;1.826891;9.000000;0.109756;0.012195
Subject25;Group2;Map2;73;81;9;76.631001;0.390564;0.002373;0.604535;73;1.617161;1.617161;73;1.264481;9.000000;0.109756;0.012195
Subject25;Group2;Map3;82;95;14;89.644793;0.564941;0.017540;0.835627;95;2.491364;2.491364;95;1.765062;14.000000;0.170732;0.012195
Subject25;Group2;Map4;96;145;50;118.527408;0.907498;0.225253;0.951612;114;3.284278;3.285565;115;2.610672;50.000000;0.609756;0.012195
Subject25;Group2;Map5;-1;-1;0;-1.000000;-1.000000;0.000000;-1.000000;-1;-1.000000;0.000000;-1;0.000000;0.000000;0.000000;0.000000
Subject26;Group2;Map1;-1;-1;0;-1.000000;-1.000000;0.000000;-1.000000;-1;-1.000000;0.000000;-1;0.000000;0.000000;0.000000;0.000000
Subject26;Group2;Map2;-1;-1;0;-1.000000;-1.000000;0.000000;-1.000000;-1;-1.000000;0.000000;-1;0.000000;0.000000;0.000000;0.000000
Subject26;Group2;Map3;73;122;32;105.813510;0.900428;0.121344;0.970926;122;3.833868;3.857314;111;3.002559;15.198684;0.390244;0.024390
Subject26;Group2;Map4;84;142;38;119.370610;0.937827;0.178885;0.982836;131;4.168930;4.366545;135;3.339146;18.973666;0.463415;0.024390
Subject26;Group2;Map5;143;154;12;148.215618;0.969100;0.067577;0.972565;144;4.209108;4.271645;143;3.792597;12.000000;0.146341;0.012195
Subject27;Group2;Map1;125;128;4;126.511296;0.552964;0.004026;0.558683;126;1.117358;1.129430;128;1.117491;4.000000;0.048780;0.012195
Subject27;Group2;Map2;73;154;46;120.322205;0.221156;0.016605;0.627564;92;1.085695;1.499074;152;1.083124;22.803509;0.560976;0.024390
Subject27;Group2;Map3;93;102;10;98.009739;0.863434;0.051758;0.938394;102;1.969847;1.969847;102;1.548276;10.000000;0.121951;0.012195
Subject27;Group2;Map4;-1;-1;0;-1.000000;-1.000000;0.000000;-1.000000;-1;-1.000000;0.000000;-1;0.000000;0.000000;0.000000;0.000000
Subject27;Group2;Map5;103;124;22;111.835343;0.829997;0.106562;0.940763;104;2.036550;2.036550;104;1.464993;22.000000;0.268293;0.012195
Subject28;Group2;Map1;142;154;9;148.445953;0.881881;0.013802;0.956908;142;1.337879;1.546680;154;1.342574;4.472136;0.109756;0.024390
Subject28;Group2;Map2;73;149;18;97.668656;0.172118;0.006094;0.906416;146;1.226165;1.226805;79;1.022018;7.483315;0.219512;0.024390
Subject28;Group2;Map3;87;109;19;99.349928;0.822748;0.038107;0.955293;108;2.229923;2.259368;109;1.420864;8.366600;0.231707;0.024390
Subject28;Group2;Map4;110;135;26;121.670255;0.934739;0.091287;0.974305;116;2.141848;2.323812;112;1.889044;26.000000;0.317073;0.012195
Subject28;Group2;Map5;101;141;10;122.888451;0.947335;0.026078;0.969111;138;1.565160;2.015389;104;1.622608;4.898979;0.121951;0.024390
Subject29;Group2;Map1;-1;-1;0;-1.000000;-1.000000;0.000000;-1.000000;-1;-1.000000;0.000000;-1;0.000000;0.000000;0.000000;0.000000
Subject29;Group2;Map2;77;90;14;83.589016;-0.555918;0.007117;-0.243472;77;1.021739;2.005870;84;1.520008;14.000000;0.170732;0.012195
Subject29;Group2;Map3;73;120;30;105.031554;0.752854;0.062849;0.926430;106;2.864205;2.872968;107;2.054049;8.706588;0.365854;0.036585
Subject29;Group2;Map4;102;148;32;130.946450;0.836773;0.099509;0.927305;105;2.847792;3.219416;137;2.695157;10.583005;0.390244;0.024390
Subject29;Group2;Map5;149;154;6;151.384539;0.761192;0.005989;0.805172;149;1.912839;1.912839;149;1.702788;6.000000;0.073171;0.012195
Subject30;Group2;Map1;-1;-1;0;-1.000000;-1.000000;0.000000;-1.000000;-1;-1.000000;0.000000;-1;0.000000;0.000000;0.000000;0.000000
Subject30;Group2;Map2;73;97;25;85.447188;-0.387403;0.007068;0.216283;97;1.100358;1.912674;90;1.476497;25.000000;0.304878;0.012195
Subject30;Group2;Map3;108;154;47;128.402341;0.893512;0.199682;0.965582;137;3.330218;3.489816;134;2.704285;47.000000;0.573171;0.012195
Subject30;Group2;Map4;98;107;10;103.408407;0.811655;0.027375;0.924315;105;2.880775;3.187903;107;2.213631;10.000000;0.121951;0.012195
Subject30;Group2;Map5;-1;-1;0;-1.000000;-1.000000;0.000000;-1.000000;-1;-1.000000;0.000000;-1;0.000000;0.000000;0.000000;0.000000
Subject31;Group2;Map1;-1;-1;0;-1.000000;-1.000000;0.000000;-1.000000;-1;-1.000000;0.000000;-1;0.000000;0.000000;0.000000;0.000000
Subject31;Group2;Map2;80;87;8;83.725401;-0.086911;0.000149;0.061989;87;1.096804;1.111774;85;1.008700;8.000000;0.097561;0.012195
Subject31;Group2;Map3;73;117;37;100.749504;0.656193;0.078262;0.946525;112;2.302867;2.387727;114;1.391089;14.491377;0.451220;0.024390
Subject31;Group2;Map4;118;148;31;132.636271;0.958318;0.196153;0.975756;133;2.393601;2.393601;133;2.224099;31.000000;0.378049;0.012195
Subject31;Group2;Map5;149;154;6;151.327291;0.904660;0.013053;0.927954;149;1.604589;1.604589;149;1.373843;6.000000;0.073171;0.012195
Subject32;Group2;Map1;-1;-1;0;-1.000000;-1.000000;0.000000;-1.000000;-1;-1.000000;0.000000;-1;0.000000;0.000000;0.000000;0.000000
Subject32;Group2;Map2;-1;-1;0;-1.000000;-1.000000;0.000000;-1.000000;-1;-1.000000;0.000000;-1;0.000000;0.000000;0.000000;0.000000
Subject32;Group2;Map3;73;154;46;114.272801;0.362245;0.079679;0.950027;149;3.961987;4.257764;111;2.229653;12.817976;0.560976;0.036585
Subject32;Group2;Map4;100;148;36;129.352020;0.907277;0.152477;0.956339;144;4.519416;4.519416;144;3.775219;15.588457;0.439024;0.024390
Subject32;Group2;Map5;-1;-1;0;-1.000000;-1.000000;0.000000;-1.000000;-1;-1.000000;0.000000;-1;0.000000;0.000000;0.000000;0.000000
Subject33;Group2;Map1;106;154;42;126.834830;0.644665;0.054263;0.816099;127;1.130913;1.155734;123;0.924027;13.601471;0.512195;0.024390
Subject33;Group2;Map2;73;105;33;86.844086;0.026101;0.017842;0.483848;105;0.865679;1.896964;78;1.318564;33.000000;0.402439;0.012195
Subject33;Group2;Map3;-1;-1;0;-1.000000;-1.000000;0.000000;-1.000000;-1;-1.000000;0.000000;-1;0.000000;0.000000;0.000000;0.000000
Subject33;Group2;Map4;-1;-1;0;-1.000000;-1.000000;0.000000;-1.000000;-1;-1.000000;0.000000;-1;0.000000;0.000000;0.000000;0.000000
Subject33;Group2;Map5;143;149;7;146.075494;0.568861;0.007440;0.630864;149;1.016635;1.057727;147;1.007732;7.000000;0.085366;0.012195
Subject34;Group2;Map1;-1;-1;0;-1.000000;-1.000000;0.000000;-1.000000;-1;-1.000000;0.000000;-1;0.000000;0.000000;0.000000;0.000000
Subject34;Group2;Map2;73;120;48;97.807231;0.295694;0.040551;0.831593;109;2.560305;2.637607;107;1.984454;48.000000;0.585366;0.012195
Subject34;Group2;Map3;-1;-1;0;-1.000000;-1.000000;0.000000;-1.000000;-1;-1.000000;0.000000;-1;0.000000;0.000000;0.000000;0.000000
Subject34;Group2;Map4;-1;-1;0;-1.000000;-1.000000;0.000000;-1.000000;-1;-1.000000;0.000000;-1;0.000000;0.000000;0.000000;0.000000
Subject34;Group2;Map5;121;154;34;139.067469;0.917239;0.145787;0.961317;131;3.305816;4.111704;152;3.421419;34.000000;0.414634;0.012195
Subject35;Group2;Map1;81;94;14;87.202752;-0.078959;0.002289;0.655680;94;1.054170;1.154042;83;0.986929;14.000000;0.170732;0.012195
Subject35;Group2;Map2;-1;-1;0;-1.000000;-1.000000;0.000000;-1.000000;-1;-1.000000;0.000000;-1;0.000000;0.000000;0.000000;0.000000
Subject35;Group2;Map3;73;80;8;75.918994;0.258880;0.003594;0.771675;73;1.774332;1.774332;73;1.145226;8.000000;0.097561;0.012195
Subject35;Group2;Map4;95;143;33;114.889317;0.886489;0.095637;0.954208;106;2.895818;2.920408;105;1.967797;16.124515;0.402439;0.024390
Subject35;Group2;Map5;115;154;27;133.481169;0.823623;0.032052;0.910961;115;2.020570;2.020570;115;1.395914;13.266499;0.329268;0.024390
Subject36;Group2;Map1;73;78;6;75.813590;0.572889;0.002169;0.743255;78;0.926348;0.926348;78;0.713629;6.000000;0.073171;0.012195
Subject36;Group2;Map2;-1;-1;0;-1.000000;-1.000000;0.000000;-1.000000;-1;-1.000000;0.000000;-1;0.000000;0.000000;0.000000;0.000000
Subject36;Group2;Map3;-1;-1;0;-1.000000;-1.000000;0.000000;-1.000000;-1;-1.000000;0.000000;-1;0.000000;0.000000;0.000000;0.000000
Subject36;Group2;Map4;79;137;46;107.274149;0.913449;0.213162;0.963904;99;1.787614;2.209203;134;1.777717;18.248288;0.560976;0.024390
Subject36;Group2;Map5;116;154;30;134.156297;0.951143;0.169015;0.959099;152;1.576295;2.198871;121;1.949769;14.866069;0.365854;0.024390
Subject37;Group2;Map1;131;141;11;135.816017;0.874235;0.033362;0.903301;131;1.323828;1.323828;131;1.141723;11.000000;0.134146;0.012195
Subject37;Group2;Map2;73;154;24;124.108908;0.640337;0.034718;0.860980;82;0.612618;1.165510;147;0.867927;11.958261;0.292683;0.024390
Subject37;Group2;Map3;-1;-1;0;-1.000000;-1.000000;0.000000;-1.000000;-1;-1.000000;0.000000;-1;0.000000;0.000000;0.000000;0.000000
Subject37;Group2;Map4;84;110;23;98.447369;0.954527;0.106081;0.966715;98;1.448292;1.541096;108;1.277693;11.401754;0.280488;0.024390
Subject37;Group2;Map5;94;130;24;116.651636;0.954033;0.141674;0.972453;96;1.424493;1.653972;119;1.462021;8.944272;0.292683;0.024390
Subject38;Group2;Map1;138;146;9;141.674864;0.837841;0.018470;0.882474;138;1.428933;1.428933;138;1.158256;9.000000;0.109756;0.012195
Subject38;Group2;Map2;73;154;17;109.525496;0.308659;0.004264;0.749818;148;0.887974;1.057908;73;0.814756;8.485281;0.207317;0.024390
Subject38;Group2;Map3;82;107;26;95.855395;0.673626;0.037576;0.857481;107;1.626510;1.626510;107;1.122801;26.000000;0.317073;0.012195
Subject38;Group2;Map4;108;137;30;121.611235;0.910789;0.167467;0.933744;129;1.698714;2.170690;113;1.782449;30.000000;0.365854;0.012195
Subject38;Group2;Map5;-1;-1;0;-1.000000;-1.000000;0.000000;-1.000000;-1;-1.000000;0.000000;-1;0.000000;0.000000;0.000000;0.000000
Subject39;Group2;Map1;95;131;19;118.357788;0.803765;0.086857;0.893046;100;0.919744;1.860072;120;1.346409;8.831761;0.231707;0.024390
Subject39;Group2;Map2;132;154;23;142.236290;0.170240;0.004491;0.454888;132;1.136924;1.136924;132;0.948038;23.000000;0.280488;0.012195
Subject39;Group2;Map3;73;94;22;83.757960;0.881894;0.075368;0.944362;91;1.298404;1.298404;91;1.114681;22.000000;0.268293;0.012195
Subject39;Group2;Map4;-1;-1;0;-1.000000;-1.000000;0.000000;-1.000000;-1;-1.000000;0.000000;-1;0.000000;0.000000;0.000000;0.000000
Subject39;Group2;Map5;101;118;18;110.273238;0.907999;0.117878;0.919173;111;1.525507;1.826556;118;1.493435;18.000000;0.219512;0.012195
Subject40;Group2;Map1;73;83;11;78.411269;0.900093;0.026454;0.943909;78;1.123351;1.192987;83;1.036230;11.000000;0.134146;0.012195
Subject40;Group2;Map2;-1;-1;0;-1.000000;-1.000000;0.000000;-1.000000;-1;-1.000000;0.000000;-1;0.000000;0.000000;0.000000;0.000000
Subject40;Group2;Map3;-1;-1;0;-1.000000;-1.000000;0.000000;-1.000000;-1;-1.000000;0.000000;-1;0.000000;0.000000;0.000000;0.000000
Subject40;Group2;Map4;84;91;8;87.505392;0.940257;0.027671;0.944149;87;1.210240;1.245228;91;1.224508;8.000000;0.097561;0.012195
Subject40;Group2;Map5;92;154;63;123.805040;0.938202;0.308765;0.960453;121;1.718300;1.857466;128;1.426188;63.000000;0.768293;0.012195
Subject41;Group2;Map1;-1;-1;0;-1.000000;-1.000000;0.000000;-1.000000;-1;-1.000000;0.000000;-1;0.000000;0.000000;0.000000;0.000000
Subject41;Group2;Map2;73;78;6;75.604992;0.802823;0.005216;0.843807;78;0.778205;0.778205;78;0.699564;6.000000;0.073171;0.012195
Subject41;Group2;Map3;-1;-1;0;-1.000000;-1.000000;0.000000;-1.000000;-1;-1.000000;0.000000;-1;0.000000;0.000000;0.000000;0.000000
Subject41;Group2;Map4;83;154;67;121.754130;0.938092;0.218968;0.972122;134;1.284524;1.355541;142;1.157326;25.690465;0.817073;0.024390
Subject41;Group2;Map5;79;99;9;90.157945;0.889339;0.014812;0.923492;99;0.933755;0.933755;99;0.872119;4.472136;0.109756;0.024390
Subject42;Group2;Map1;90;143;38;123.384779;0.879963;0.171604;0.957996;123;2.183485;2.404419;132;1.839668;18.027756;0.463415;0.024390
Subject42;Group2;Map2;73;154;34;107.456844;0.533429;0.058350;0.929431;154;1.563506;2.822254;73;1.552160;10.391166;0.414634;0.036585
Subject42;Group2;Map3;-1;-1;0;-1.000000;-1.000000;0.000000;-1.000000;-1;-1.000000;0.000000;-1;0.000000;0.000000;0.000000;0.000000
Subject42;Group2;Map4;-1;-1;0;-1.000000;-1.000000;0.000000;-1.000000;-1;-1.000000;0.000000;-1;0.000000;0.000000;0.000000;0.000000
Subject42;Group2;Map5;109;118;10;113.801244;0.897977;0.046045;0.942958;118;2.190211;2.190211;118;1.960880;10.000000;0.121951;0.012195
Subject43;Group2;Map1;-1;-1;0;-1.000000;-1.000000;0.000000;-1.000000;-1;-1.000000;0.000000;-1;0.000000;0.000000;0.000000;0.000000
Subject43;Group2;Map2;73;89;17;79.367446;-0.672118;0.064662;-0.476162;73;3.210502;3.210502;73;1.927589;17.000000;0.207317;0.012195
Subject43;Group2;Map3;115;154;40;133.442217;0.335809;0.037170;0.817029;133;0.916279;1.338975;115;0.918679;40.000000;0.487805;0.012195
Subject43;Group2;Map4;90;114;25;103.081018;0.098373;0.011280;0.680254;114;1.383206;1.418423;112;1.219068;25.000000;0.304878;0.012195
Subject43;Group2;Map5;-1;-1;0;-1.000000;-1.000000;0.000000;-1.000000;-1;-1.000000;0.000000;-1;0.000000;0.000000;0.000000;0.000000
Subject44;Group2;Map1;85;154;40;112.190579;0.845713;0.100638;0.924061;151;1.095385;1.183568;148;0.828120;15.198684;0.487805;0.024390
Subject44;Group2;Map2;73;84;12;77.683294;0.280745;0.003291;0.499512;84;0.642061;1.237859;73;0.923661;12.000000;0.146341;0.012195
Subject44;Group2;Map3;-1;-1;0;-1.000000;-1.000000;0.000000;-1.000000;-1;-1.000000;0.000000;-1;0.000000;0.000000;0.000000;0.000000
Subject44;Group2;Map4;142;147;6;144.482734;0.940186;0.040645;0.944487;143;1.297022;1.314524;144;1.287181;6.000000;0.073171;0.012195
Subject44;Group2;Map5;118;141;24;130.492088;0.937480;0.143108;0.952387;134;1.426534;1.428591;135;1.188947;24.000000;0.292683;0.012195
Subject45;Group2;Map1;-1;-1;0;-1.000000;-1.000000;0.000000;-1.000000;-1;-1.000000;0.000000;-1;0.000000;0.000000;0.000000;0.000000
Subject45;Group2;Map2;73;154;82;115.929163;0.218993;0.019096;0.576346;91;0.468343;1.495550;73;0.850388;82.000000;1.000000;0.012195
Subject45;Group2;Map3;-1;-1;0;-1.000000;-1.000000;0.000000;-1.000000;-1;-1.000000;0.000000;-1;0.000000;0.000000;0.000000;0.000000
Subject45;Group2;Map4;-1;-1;0;-1.000000;-1.000000;0.000000;-1.000000;-1;-1.000000;0.000000;-1;0.000000;0.000000;0.000000;0.000000
Subject45;Group2;Map5;-1;-1;0;-1.000000;-1.000000;0.000000;-1.000000;-1;-1.000000;0.000000;-1;0.000000;0.000000;0.000000;0.000000
Subject46;Group2;Map1;-1;-1;0;-1.000000;-1.000000;0.000000;-1.000000;-1;-1.000000;0.000000;-1;0.000000;0.000000;0.000000;0.000000
Subject46;Group2;Map2;73;148;46;102.799238;0.888312;0.111078;0.919397;76;0.767581;1.112959;141;0.869580;17.435596;0.560976;0.024390
Subject46;Group2;Map3;135;140;6;137.579889;0.840718;0.017432;0.867631;140;1.093559;1.093559;140;1.012300;6.000000;0.073171;0.012195
Subject46;Group2;Map4;-1;-1;0;-1.000000;-1.000000;0.000000;-1.000000;-1;-1.000000;0.000000;-1;0.000000;0.000000;0.000000;0.000000
Subject46;Group2;Map5;111;154;30;129.428287;0.916028;0.114124;0.969494;152;1.205677;1.237603;154;1.053059;12.000000;0.365854;0.024390
Subject47;Group2;Map1;100;154;55;126.917094;0.054917;0.004330;0.289996;144;1.152110;1.166887;143;1.086030;55.000000;0.670732;0.012195
Subject47;Group2;Map2;73;99;27;84.553860;-0.043441;0.003417;0.194556;90;0.864261;2.113184;73;0.975369;27.000000;0.329268;0.012195
Subject47;Group2;Map3;-1;-1;0;-1.000000;-1.000000;0.000000;-1.000000;-1;-1.000000;0.000000;-1;0.000000;0.000000;0.000000;0.000000
Subject47;Group2;Map4;-1;-1;0;-1.000000;-1.000000;0.000000;-1.000000;-1;-1.000000;0.000000;-1;0.000000;0.000000;0.000000;0.000000
Subject47;Group2;Map5;-1;-1;0;-1.000000;-1.000000;0.000000;-1.000000;-1;-1.000000;0.000000;-1;0.000000;0.000000;0.000000;0.000000
Subject48;Group2;Map1;73;154;82;112.273437;0.860783;0.218846;0.948875;96;1.199803;1.356276;107;0.991269;82.000000;1.000000;0.012195
Subject48;Group2;Map2;-1;-1;0;-1.000000;-1.000000;0.000000;-1.000000;-1;-1.000000;0.000000;-1;0.000000;0.000000;0.000000;0.000000
Subject48;Group2;Map3;-1;-1;0;-1.000000;-1.000000;0.000000;-1.000000;-1;-1.000000;0.000000;-1;0.000000;0.000000;0.000000;0.000000
Subject48;Group2;Map4;-1;-1;0;-1.000000;-1.000000;0.000000;-1.000000;-1;-1.000000;0.000000;-1;0.000000;0.000000;0.000000;0.000000
Subject48;Group2;Map5;-1;-1;0;-1.000000;-1.000000;0.000000;-1.000000;-1;-1.000000;0.000000;-1;0.000000;0.000000;0.000000;0.000000
Subject49;Group2;Map1;73;85;13;79.304015;0.069407;0.000585;0.418093;85;0.587310;0.587310;85;0.504321;13.000000;0.158537;0.012195
Subject49;Group2;Map2;149;154;6;151.489892;-0.522904;0.005076;-0.468093;149;0.844396;0.893062;151;0.865987;6.000000;0.073171;0.012195
Subject49;Group2;Map3;112;148;37;127.487250;0.536154;0.087053;0.815734;119;1.349493;1.384473;115;1.042206;37.000000;0.451220;0.012195
Subject49;Group2;Map4;86;111;26;100.032194;0.774074;0.079191;0.827215;93;0.986482;1.338570;106;1.064231;26.000000;0.317073;0.012195
Subject49;Group2;Map5;-1;-1;0;-1.000000;-1.000000;0.000000;-1.000000;-1;-1.000000;0.000000;-1;0.000000;0.000000;0.000000;0.000000
Subject50;Group2;Map1;101;115;15;108.060011;0.932641;0.065164;0.939205;110;1.114445;1.114445;110;1.075150;15.000000;0.182927;0.012195
Subject50;Group2;Map2;73;154;53;120.353269;0.935542;0.189350;0.946375;78;0.766631;1.120386;122;0.963529;25.690465;0.646341;0.024390
Subject50;Group2;Map3;-1;-1;0;-1.000000;-1.000000;0.000000;-1.000000;-1;-1.000000;0.000000;-1;0.000000;0.000000;0.000000;0.000000
Subject50;Group2;Map4;-1;-1;0;-1.000000;-1.000000;0.000000;-1.000000;-1;-1.000000;0.000000;-1;0.000000;0.000000;0.000000;0.000000
Subject50;Group2;Map5;93;121;14;106.457837;0.926957;0.057455;0.933179;96;1.015047;1.123615;121;1.050459;6.928203;0.170732;0.024390
Subject51;Group2;Map1;78;127;35;111.724891;0.549847;0.062524;0.806057;122;1.200152;1.215216;119;0.839296;12.247449;0.426829;0.024390
Subject51;Group2;Map2;73;97;20;85.694563;-0.311205;0.008749;0.067627;83;0.345622;1.239100;73;0.760789;8.660254;0.243902;0.024390
Subject51;Group2;Map3;-1;-1;0;-1.000000;-1.000000;0.000000;-1.000000;-1;-1.000000;0.000000;-1;0.000000;0.000000;0.000000;0.000000
Subject51;Group2;Map4;128;154;27;140.921716;0.645618;0.056396;0.786039;135;0.916587;1.166611;128;0.993983;27.000000;0.329268;0.012195
Subject51;Group2;Map5;-1;-1;0;-1.000000;-1.000000;0.000000;-1.000000;-1;-1.000000;0.000000;-1;0.000000;0.000000;0.000000;0.000000
Subject52;Group2;Map1;79;86;8;82.693071;-0.030004;0.000033;0.026565;86;0.738027;0.738027;86;0.639166;8.000000;0.097561;0.012195
Subject52;Group2;Map2;73;154;10;112.540152;0.334005;0.012095;0.772416;151;1.154760;1.154760;151;0.902007;4.898979;0.121951;0.024390
Subject52;Group2;Map3;97;150;54;125.238151;0.225091;0.130838;0.922356;142;1.322032;1.354183;145;1.018965;54.000000;0.658537;0.012195
Subject52;Group2;Map4;87;96;10;91.705985;0.107778;0.000786;0.181217;89;0.921663;1.135557;93;0.997069;10.000000;0.121951;0.012195
Subject52;Group2;Map5;-1;-1;0;-1.000000;-1.000000;0.000000;-1.000000;-1;-1.000000;0.000000;-1;0.000000;0.000000;0.000000;0.000000
Subject53;Group2;Map1;-1;-1;0;-1.000000;-1.000000;0.000000;-1.000000;-1;-1.000000;0.000000;-1;0.000000;0.000000;0.000000;0.000000
Subject53;Group2;Map2;73;92;20;82.272617;0.826294;0.032345;0.870298;79;1.061116;1.216405;81;1.039677;20.000000;0.243902;0.012195
Subject53;Group2;Map3;-1;-1;0;-1.000000;-1.000000;0.000000;-1.000000;-1;-1.000000;0.000000;-1;0.000000;0.000000;0.000000;0.000000
Subject53;Group2;Map4;-1;-1;0;-1.000000;-1.000000;0.000000;-1.000000;-1;-1.000000;0.000000;-1;0.000000;0.000000;0.000000;0.000000
Subject53;Group2;Map5;93;154;62;124.646392;0.905104;0.238697;0.961494;137;1.740452;1.794970;141;1.445104;62.000000;0.756098;0.012195
